{"Speed":300.0,"JumpForce":6.0,"CherryCount":16,"BounceForce":5.0,"ExtraJumpCount":1,"Hp":4,"MaxHp":4,"SaveSceneIndex":1,"SavePosition":{"x":-1.2000000476837159,"y":-0.9300000071525574,"z":0.0}}