{"Speed":300.0,"JumpForce":6.0,"CherryCount":7,"BounceForce":5.0,"ExtraJumpCount":1,"Hp":3,"MaxHp":3,"SaveSceneIndex":2,"SavePosition":{"x":-7.346780300140381,"y":-2.9569637775421144,"z":0.0}}